"model_id","target_end_date","wis_scaled_relative_skill","wis","ae_median_scaled_relative_skill","ae_median","interval_coverage_50","interval_coverage_95","n"
"NAU-Copycat",2025-12-13,0.28751358223072,0.371634098768516,0.182346674047531,0.407426505205633,1,1,1
"NAU-Copycat",2025-12-20,0.354150568254295,0.713020874874591,0.360078132264081,1.08164523241984,0.5,1,2
"NAU-Copycat",2025-12-27,1.68883472085913,1.65399766772058,2.4501256910587,4.01832819720274,0.333333333333333,1,3
"NAU-Copycat",2026-01-03,1.82498462574329,2.61553817155297,3.00173343627874,6.39268707499857,0,1,4
"NAU-Copycat",2026-01-10,0.927480593041703,3.95259169198056,1.73265114716947,9.1596636408648,0,1,3
"NAU-Copycat",2026-01-17,0.620729717219988,3.98448259816964,1.15425972593223,8.82145713763621,0,1,2
"NAU-INFLAenza",2025-12-20,1.79584296180133,2.52692055516047,1.76387061604998,4.25686891100813,0,0,1
"NAU-INFLAenza",2025-12-27,1.54278690833395,1.10515230808167,4.00386515433976,2.88704963037396,0,1,1
"NAU-INFLAenza",2026-01-03,0.814858811957852,1.16524003548727,0.889685856924517,1.9175439191887,0.5,0.5,2
"NAU-INFLAenza",2026-01-10,0.617628056937174,2.25163622944896,0.873323850642765,4.07097402328164,0,0.5,2
"NAU-INFLAenza",2026-01-17,0.919165245988341,2.54865134338352,1.16028936632578,4.16935954761635,0,0,2
"UMass-alloy",2025-12-20,0.435977776100318,0.613461882500012,0.106683033504151,0.257465419812284,1,1,1
"UMass-alloy",2025-12-27,1.71878744908103,1.38760973751379,1.89307367233775,2.85346273668689,0.5,1,2
"UMass-alloy",2026-01-03,1.23663926711899,2.32022353375609,1.84456278152103,5.13365779244854,0,1,3
"UMass-alloy",2026-01-10,0.809843374699149,2.95492229837884,1.36182656871727,6.15898182798147,0,0.75,4
"UMass-alloy",2026-01-17,0.679191035305676,2.72551245551257,1.12224381378857,5.50101190405419,0,0.75,4
"UT-GBQR",2025-11-22,0.975231803079191,0.530371860009328,0.88399040050001,0.87515049649501,0,0,1
"UT-GBQR",2025-11-29,0.920993925528171,1.73851124875782,0.857742973779701,2.13578000471145,0,0,2
"UT-GBQR",2025-12-06,0.897395077191234,1.56033481030369,0.727734393571849,1.78052348293912,0.333333333333333,0.333333333333333,3
"UT-GBQR",2025-12-13,0.742068417831055,2.76112364567417,0.761760542940625,3.35605036837949,0,0,4
"UT-GBQR",2025-12-20,0.620059105841775,2.89613522311525,0.809909220659616,3.80929763827864,0,0.25,4
"UT-GBQR",2025-12-27,0.600825916927171,0.912782079488751,0.674961739677465,1.60404636806659,0.5,0.5,4
"UT-GBQR",2026-01-03,0.48603063900414,0.732860287446814,0.778590894184543,1.76070059485415,0.25,1,4
"UT-GBQR",2026-01-10,0.502810041062657,1.78169483241052,0.757391741341789,3.36228726108107,0,0.25,4
"UT-GBQR",2026-01-17,0.46953400925192,1.88676128969328,0.623846305620734,3.06293056721306,0.25,0.25,4
"VTSanghani-PRIME",2025-12-20,0.886456745754014,1.24732831308347,1.02014118787286,2.46197610413158,1,1,1
"VTSanghani-PRIME",2025-12-27,1.49420735245239,1.18085975929394,0.906701418121174,1.23868320008608,1,1,2
"VTSanghani-PRIME",2026-01-03,0.771369469231189,1.4022225568043,1.10307485011744,3.03876724769523,1,1,3
"VTSanghani-PRIME",2026-01-10,0.394993655071989,1.43122936335859,0.880149281236586,3.96640772044341,0.75,1,4
"VTSanghani-PRIME",2026-01-17,0.338290999276337,1.33275204544843,0.750425963618167,3.63339787500787,0.5,1,4
"epiENGAGE-GBQR",2025-11-22,0.975231803079191,0.530371860009328,0.88399040050001,0.87515049649501,0,0,1
"epiENGAGE-GBQR",2025-11-29,0.920993925528171,1.73851124875782,0.857742973779701,2.13578000471145,0,0,2
"epiENGAGE-GBQR",2025-12-06,0.897395077191234,1.56033481030369,0.727734393571849,1.78052348293912,0.333333333333333,0.333333333333333,3
"epiENGAGE-GBQR",2025-12-13,0.742068417831055,2.76112364567417,0.761760542940625,3.35605036837949,0,0,4
"epiENGAGE-GBQR",2025-12-20,0.816994274763979,3.61668490159204,1.04920247758997,4.45025985698831,0,0,3
"epiENGAGE-GBQR",2025-12-27,0.876706280399938,1.41075992489457,0.908457835298754,2.36444244527242,0,0,2
"epiENGAGE-GBQR",2026-01-03,0.548925656185911,0.345724926690758,1.32101523898614,0.83036776698561,1,1,1
"epiENGAGE-baseline",2025-11-22,1,0.543841841841842,1,0.99,0,1,1
"epiENGAGE-baseline",2025-11-29,1,1.88764681348015,1,2.49,0,0,2
"epiENGAGE-baseline",2025-12-06,1,1.7387378758388,1,2.44666666666667,0,0.333333333333333,3
"epiENGAGE-baseline",2025-12-13,1,3.44766040902013,1,4.3,0,0,4
"epiENGAGE-baseline",2025-12-20,1,3.99265603589701,1,4.86,0,0,4
"epiENGAGE-baseline",2025-12-27,1,1.69849727957124,1,2.5125,0,0.5,4
"epiENGAGE-baseline",2026-01-03,1,1.57575359074352,1,2.245,0,0.5,4
"epiENGAGE-baseline",2026-01-10,1,3.60245413086698,1,4.49,0,0,4
"epiENGAGE-baseline",2026-01-17,1,3.91996482280892,1,4.835,0,0,4
"epiENGAGE-ensemble_mean",2025-11-22,0.841186464892776,0.457472396399715,0.888092759762626,0.879211832165,0,1,1
"epiENGAGE-ensemble_mean",2025-11-29,0.912263617096648,1.72203150986636,0.911924364753876,2.27069166823715,0,0,2
"epiENGAGE-ensemble_mean",2025-12-06,0.875208679358426,1.52175848006336,0.853860374605693,2.08911171653526,0,0.333333333333333,3
"epiENGAGE-ensemble_mean",2025-12-13,0.693623651129893,2.75043378465117,0.803949050813564,3.62866366263472,0,0.25,4
"epiENGAGE-ensemble_mean",2025-12-20,0.510347923780438,2.72190049744482,0.747349753516296,3.90907786904929,0,0.5,4
"epiENGAGE-ensemble_mean",2025-12-27,0.666039549362023,0.981169918646616,0.46029672957999,1.69556192539474,0.75,0.75,4
"epiENGAGE-ensemble_mean",2026-01-03,0.839471075637336,1.22762675153499,1.3633760537402,2.99419728451548,0.25,1,4
"epiENGAGE-ensemble_mean",2026-01-10,0.658136433612765,2.348145864161,1.06996639539026,4.76361043467992,0,0.5,4
"epiENGAGE-ensemble_mean",2026-01-17,0.602981333935423,2.37842993527684,0.900912456747222,4.3664127192043,0,0.25,4
"epiENGAGE-lop_norm",2025-11-22,0.782689557911331,0.425659330764876,0.891470174018445,0.88255547227826,0,1,1
"epiENGAGE-lop_norm",2025-11-29,0.88482026967831,1.67022816256091,0.917612525522508,2.28485518855104,0,0,2
"epiENGAGE-lop_norm",2025-12-06,0.841610593831862,1.46334021620265,0.867557227971704,2.1226233511041,0,0.333333333333333,3
"epiENGAGE-lop_norm",2025-12-13,0.687703154968951,2.67169828111937,0.861024926920214,3.75884420952108,0,0.25,4
"epiENGAGE-lop_norm",2025-12-20,0.571102581515294,2.70815548670595,0.896920810993529,4.30141195761879,0,0.5,4
"epiENGAGE-lop_norm",2025-12-27,0.815381163192096,1.12450032543549,0.828838247547394,2.05252512303595,0.25,0.75,4
"epiENGAGE-lop_norm",2026-01-03,0.826142107201152,1.20536941507604,0.91467134440977,2.25179096557038,0.25,1,4
"epiENGAGE-lop_norm",2026-01-10,0.564515985662717,2.01069160455717,0.995284892920583,4.45487049638333,0,1,4
"epiENGAGE-lop_norm",2026-01-17,0.495828790827354,1.96151756369706,0.938405858114249,4.54030764594377,0,1,4
"epiforecasts-dyngam",2025-11-22,0.577500812537502,0.314069105555556,0.780287878787879,0.772485,0,1,1
"epiforecasts-dyngam",2025-11-29,0.815796925761773,1.53993646736111,0.878030120481928,2.186295,0,0,2
"epiforecasts-dyngam",2025-12-06,0.757214845191272,1.31659813148148,0.833846730245231,2.040145,0,0.333333333333333,3
"epiforecasts-dyngam",2025-12-13,0.746999128959481,2.646556684375,0.86827991107962,3.704465,0,0,4
"epiforecasts-dyngam",2025-12-20,0.689249074359869,3.0164641375,0.910902318711249,4.276715,0,0.25,4
"epiforecasts-dyngam",2025-12-27,0.609653401199636,0.964774686111111,0.82914455099555,2.044715,0.25,0.5,4
"epiforecasts-dyngam",2026-01-03,0.838932568540702,1.31606911145833,0.831442470245966,2.23149,0.25,0.5,4
"epiforecasts-dyngam",2026-01-10,0.873709911547893,3.11709489270833,0.996063713658113,4.4235175,0,0,4
"epiforecasts-dyngam",2026-01-17,0.868880544419436,3.38037967847222,0.961650013179401,4.60754625,0,0,4
